term,estimate,std.error,statistic,p.value,outcome,outcome_label,control_mean,n,r2,q.value
treat_HD,-0.2353014173033139,0.08496617654011782,-2.769353958068402,0.005687749377346928,bn_swb,Subjective well-being,1.0488006089238211e-8,1578,0.1646645103192469,0.009000000000000008
treat_any,0.4200964605262271,0.08618818335680664,4.874176994624523,1.2116736912958529e-6,bn_swb,Subjective well-being,1.0488006089238211e-8,1578,0.1646645103192469,0.0010000000000000009
treat_tau,0.02645582264539418,0.02295790108673971,1.1523624283177543,0.24936056238293444,bn_swb,Subjective well-being,1.0488006089238211e-8,1578,0.1646645103192469,0.263
treat_HD,0.006696231249026949,0.09117605721493309,0.0734428692528527,0.9414637513408639,bn_mental_health,Mental health,2.3959335944464594e-9,1578,0.08433753361756857,0.598
treat_any,-0.051342362918620314,0.08749272880039674,-0.5868186262169423,0.5574161251585619,bn_mental_health,Mental health,2.3959335944464594e-9,1578,0.08433753361756857,0.598
treat_tau,0.030882570345608273,0.024835634901965997,1.2434781904111338,0.21389102871672092,bn_mental_health,Mental health,2.3959335944464594e-9,1578,0.08433753361756857,0.263
treat_HD,-0.4243219227149184,0.11881332507245106,-3.5713327815392053,3.666805499687658e-4,bn_consumption,Beneficiary-specific consumption,8.270251263650216,1578,0.25270594216641296,0.0010000000000000009
treat_any,0.5838716782753962,0.1198872326177228,4.870173958699612,1.2360800243358954e-6,bn_consumption,Beneficiary-specific consumption,8.270251263650216,1578,0.25270594216641296,0.0010000000000000009
treat_tau,-0.015119194603449411,0.0345586252275135,-0.43749409890913193,0.661817673291544,bn_consumption,Beneficiary-specific consumption,8.270251263650216,1578,0.25270594216641296,0.598
treat_HD,-0.7645826384700604,0.49131257389599936,-1.5562040930625696,0.11987599976521494,hh_net_wealth,HH net non-land wealth,11.283266153214273,1578,0.22848624603679357,0.355
treat_any,0.45831976929623636,0.47330611828462815,0.9683368787990617,0.33303631231896047,hh_net_wealth,HH net non-land wealth,11.283266153214273,1578,0.22848624603679357,0.5369999999999999
treat_tau,0.1599638106485285,0.1181099834961424,1.354363161465966,0.1758298232299355,hh_net_wealth,HH net non-land wealth,11.283266153214273,1578,0.22848624603679357,0.359
treat_HD,-1.9709949814147136,0.4573075195857652,-4.3099990640872585,1.7416808257627833e-5,hh_livestock_wealth,HH livestock wealth,7.8050853682509205,1578,0.2668223541020246,0.0010000000000000009
treat_any,1.896249007090028,0.4614779716366863,4.10907805710586,4.1928424297349516e-5,hh_livestock_wealth,HH livestock wealth,7.8050853682509205,1578,0.2668223541020246,0.0010000000000000009
treat_tau,0.07918749919210713,0.12092221082238228,0.6548631442772944,0.5126588843476104,hh_livestock_wealth,HH livestock wealth,7.8050853682509205,1578,0.2668223541020246,0.5429999999999999
treat_HD,-0.1434948285915193,0.2770271714650368,-0.5179810624086366,0.604549854472194,sav_stock,Savings,9.238061676149876,1578,0.21410300356347622,0.5429999999999999
treat_any,1.1665250341884816,0.28999692783727415,4.022542731359738,6.0514968792786957e-5,sav_stock,Savings,9.238061676149876,1578,0.21410300356347622,0.0010000000000000009
treat_tau,0.06737674821874765,0.07555027500981892,0.8918134078266557,0.37263970421996695,sav_stock,Savings,9.238061676149876,1578,0.21410300356347622,0.5369999999999999
treat_HD,0.5723780032683925,0.39302394386745576,1.4563438492730165,0.14551230363472917,debt_stock,Debt,8.753167564808846,1578,0.21743395905229457,0.355
treat_any,-0.13228290379148439,0.38540613450983996,-0.34322988646696545,0.7314748698293289,debt_stock,Debt,8.753167564808846,1578,0.21743395905229457,0.577
treat_tau,-0.06383663867900323,0.1116266599955824,-0.5718762765232746,0.5674937102959954,debt_stock,Debt,8.753167564808846,1578,0.21743395905229457,0.5429999999999999
treat_HD,-0.012415609420452426,0.0782860610605675,-0.15859284848738084,0.8740115666340484,bn_loc,Locus of control,3.949426021813357e-9,1578,0.29699957381013653,1
treat_any,0.06915769338157558,0.07672456140792842,0.901376197041761,0.3675367948441941,bn_loc,Locus of control,3.949426021813357e-9,1578,0.29699957381013653,0.976
treat_tau,-0.0038808351992103574,0.021425464317953162,-0.18113190648374733,0.856289147488678,bn_loc,Locus of control,3.949426021813357e-9,1578,0.29699957381013653,1
treat_HD,-0.06405158384445832,0.0897114667187517,-0.7139732097487835,0.4753577107432747,bn_alt_aspiration,Aspirations,1.1624142342088628e-8,1578,0.08951878808535207,0.976
treat_any,0.057269645550713545,0.0849930561402785,0.6738155815481174,0.5005350799495812,bn_alt_aspiration,Aspirations,1.1624142342088628e-8,1578,0.08951878808535207,0.976
treat_tau,-0.001469022723904085,0.022276916315248224,-0.06594371963854623,0.9474316489729282,bn_alt_aspiration,Aspirations,1.1624142342088628e-8,1578,0.08951878808535207,1
treat_HD,-0.010809405898129738,0.08598436216206032,-0.1257136254352454,0.8999759003525565,bn_big_five,Big Five index,1.3776618168067141e-9,1578,0.11745336011861185,1
treat_any,0.12279678856434689,0.08613863509125025,1.4255715618695737,0.15420551156492207,bn_big_five,Big Five index,1.3776618168067141e-9,1578,0.11745336011861185,0.749
treat_tau,-0.036881838716686675,0.024391215871187734,-1.5120951293065124,0.13072577977113367,bn_big_five,Big Five index,1.3776618168067141e-9,1578,0.11745336011861185,0.749
treat_HD,0.5487177165073258,0.09064295506593062,6.053616810133861,1.7970687370422216e-9,bn_business_knowledge,Business knowledge,6.801359881009303e-10,1578,0.23026796227908086,0.0010000000000000009
treat_any,0.10523169435377219,0.08771825167315614,1.1996556286355577,0.230467486899406,bn_business_knowledge,Business knowledge,6.801359881009303e-10,1578,0.23026796227908086,0.749
treat_tau,-0.023922096650042916,0.024176677443470133,-0.9894699842845454,0.3225969754530903,bn_business_knowledge,Business knowledge,6.801359881009303e-10,1578,0.23026796227908086,0.976
treat_HD,-0.10355310296583092,0.08346684364538233,-1.2406495614688293,0.21493428616138158,bn_business_attitude,Business attitudes,7.265088963805393e-10,1578,0.09920585111725722,0.749
treat_any,0.22182392194191777,0.08347629656563979,2.657328260454048,0.007962063689566208,bn_business_attitude,Business attitudes,7.265088963805393e-10,1578,0.09920585111725722,0.05999999999999994
treat_tau,-0.032800749418932115,0.02374464957976584,-1.3813953879902061,0.1673684986873905,bn_business_attitude,Business attitudes,7.265088963805393e-10,1578,0.09920585111725722,0.749
